Notes,Year,Resource,URL,Paper URL,Paper Citation
Review,2014,"REVIEW: Schwartz & Hearst, Ab3P & NatLAb",http://bioc.sourceforge.net/,https://academic.oup.com/database/article/doi/10.1093/database/bau044/2634328,"Islamaj Doğan, Rezarta, et al. ""Finding abbreviations in biomedical literature: three BioC-compatible modules and four BioC-formatted corpora."" Database 2014 (2014)."
Review,2014,"REVIEW: S&H, Medstract, Ab3P & BIOADI",http://bioc.sourceforge.net/,https://academic.oup.com/database/article/doi/10.1093/database/bau044/2634328,"Islamaj Doğan, Rezarta, et al. ""Finding abbreviations in biomedical literature: three BioC-compatible modules and four BioC-formatted corpora."" Database 2014 (2014)."
,2012,Tool:AbbrAlignHMM,https://github.com/TeamCohen/secondstring/blob/master/src/com/wcohen/ss/expt/ExtractAbbreviations.java,http://www.cs.cmu.edu/~dmovshov/papers/dma_abbvAlignment_bioNLP2012.pdf,"Movshovitz-Attias, Dana, and William W. Cohen. ""Alignment-HMM-based extraction of abbreviations from biomedical text."" Proceedings of the 2012 Workshop on Biomedical Natural Language Processing. Association for Computational Linguistics, 2012."
,2011,Tool:NatLAb,http://bioc.sourceforge.net/,https://bmcbioinformatics.biomedcentral.com/articles/10.1186/1471-2105-12-S3-S6,"Yeganova, Lana, Donald C. Comeau, and W. John Wilbur. ""Machine learning with naturally labeled data for identifying abbreviation definitions."" BMC bioinformatics 12.3 (2011): S6."
,2011,ALLIE,http://allie.dbcls.jp/,,"Y. Yamamoto, A. Yamaguchi, H. Bono and T. Takagi, ""Allie: a database and a search service of abbreviations and long forms."", Database, 2011:bar03."
,2010,AcroMine,http://www.nactem.ac.uk/software/acromine/rest.html,,"Okazaki, N., Ananiadou, S., & Tsujii, J. (2010). Building a high quality sense inventory for improved abbreviation disambiguation. Bioinformatics, 26(9), 1246–1253."
,2009,MBA,,https://bmcbioinformatics.biomedcentral.com/articles/10.1186/1471-2105-10-14,"Xu, Yun, et al. ""MBA: a literature mining system for extracting biomedical abbreviations."" BMC bioinformatics 10.1 (2009): 14."
,2009,Tool:BIOADI,https://clojars.org/repo/edu/sinica/bioagent/bioadi/0.1.0/bioadi-0.1.0.jar,https://bmcbioinformatics.biomedcentral.com/articles/10.1186/1471-2105-10-S15-S7,"Kuo C.J. Ling M.H. Lin K.T. et al.  . ( 2009 ) BIOADI: a machine learning approach to identifying abbreviations and definitions in biological literature . BMC Bioinformatics  , 10 , S7 ."
,2009,Corpus:BIOADI,http://bioc.sourceforge.net/,https://bmcbioinformatics.biomedcentral.com/articles/10.1186/1471-2105-10-S15-S7,"Kuo C.J. Ling M.H. Lin K.T. et al.  . ( 2009 ) BIOADI: a machine learning approach to identifying abbreviations and definitions in biological literature . BMC Bioinformatics  , 10 , S7 ."
,2009,,,,"Sun, X., Okazaki, N., & Tsujii, J. (2009). Robust approach to abbreviating terms—a discriminative latent variable model with global information. In K. Su , J. Su , & J. Wiebe (Eds.), Proceedings of the Joint Conference of the 47th Annual Meeting of the ACL and the 4th International Joint Conference on Natural Language Processing of the AFNLP (ACL‐IJCNLP) (pp. 905–913). Stroudsburg, PA: ACM."
,2008,Tool:Ab3P,http://bioc.sourceforge.net/,https://bmcbioinformatics.biomedcentral.com/articles/10.1186/1471-2105-9-402,"Sohn S. Comeau D.C. Kim W. et al.  . ( 2008 ) Abbreviation definition identification based on automatic precision estimates . BMC Bioinformatics  , 9 , 402 ."
,2008,Corpus:Ab3P,http://bioc.sourceforge.net/,https://bmcbioinformatics.biomedcentral.com/articles/10.1186/1471-2105-9-402,"Sohn S. Comeau D.C. Kim W. et al.  . ( 2008 ) Abbreviation definition identification based on automatic precision estimates . BMC Bioinformatics  , 9 , 402 ."
,2007,Tool:AbbrevExtractor,,https://ieeexplore.ieee.org/abstract/document/4413035,"Song, Min, and Illhoi Yoo. ""A Hybrid Abbreviation Extraction Technique for Biomedical Literature."" 2007 IEEE International Conference on Bioinformatics and Biomedicine (BIBM 2007). IEEE, 2007."
,2007,,,,"Torii M, Hu ZZ, Song M, Wu CH, Liu H: A comparison study on algorithms of detecting long forms for short forms in biomedical text. BMC Bioinformatics. 2007, 8 (Suppl 9): S5-10.1186/1471-2105-8-S9-S5."
,2006,AcroMine,http://www.nactem.ac.uk/software/acromine/rest.html,,"Okazaki, N., & Ananiadou, S. (2006). Building an abbreviation dictionary using a term recognition approach. Bioinformatics, 22(24), 3089–3095."
,2006,Database:ADAM,http://abel.lis.illinois.edu/adam.html,https://academic.oup.com/bioinformatics/article/22/22/2813/197656,"Zhou, Wei, Vetle I. Torvik, and Neil R. Smalheiser. ""ADAM: another database of abbreviations in MEDLINE."" Bioinformatics 22.22 (2006): 2813-2818."
,2005,Tool:ALICE,"Replaced by ALLIE, but at http://3.uvdb.dbcls.jp/ALICE/program_download.html",https://www.ncbi.nlm.nih.gov/pmc/articles/PMC1205607/,"H. Ao, T. Takagi, ""ALICE: An algorithm to extract abbreviations from MEDLINE"", Journal of the American Medical Informatics Association, vol. 12, pp. 576-586, 2005."
,2005,Corpus:ALICE,"Replaced by ALLIE, but at http://3.uvdb.dbcls.jp/ALICE/corpus_download.html",https://www.ncbi.nlm.nih.gov/pmc/articles/PMC1205607/,"H. Ao, T. Takagi, ""ALICE: An algorithm to extract abbreviations from MEDLINE"", Journal of the American Medical Informatics Association, vol. 12, pp. 576-586, 2005."
,2005,,,,"Bracewell, David B., Scott Russell, and Annie S. Wu. ""Identification, expansion, and disambiguation of acronyms in biomedical texts."" International Symposium on Parallel and Distributed Processing and Applications. Springer, Berlin, Heidelberg, 2005."
,2005,,,,"Nadeau, D., & Turney, P.D. (2005). A supervised learning approach to acronym identification. In Balázs Kégl & G. Lapalme (Eds.), Advances in artificial intelligence. Proceedings of the 18th Conference of the Canadian Society for Computational Studies of Intelligence, Canadian AI 2005. (LNCS 3501) (pp. 319–329). Heidelberg, Germany: Springer."
,2005,,,https://academic.oup.com/bioinformatics/article/21/18/3658/202307,"Gaudan, Sylvain, Harald Kirsch, and Dietrich Rebholz-Schuhmann. ""Resolving abbreviations to their senses in Medline."" Bioinformatics 21.18 (2005): 3658-3664."
Review,2005,,,https://www.ncbi.nlm.nih.gov/pmc/articles/PMC540091/,
,2004,Database:SaRAD,,,Adar E SaRAD: a Simple and Robust Abbreviation Dictionary. Bioinformatics. 2004 Mar 1; 20(4):527-33.
,2003,,,,"H. Liu, C. Friedman, ""Mining Terminological Knowledge in Large Biomedical Corpora"", Proceedings of the Pacific Symposium on Biocomputing, vol. 8, pp. 415-426, 2003."
,2003,Tool: ExtractAbbrev / Schwartz & Hearst,http://bioc.sourceforge.net/,,"A.S. Schwartz, M.A. Hearst, ""A simple algorithm for identifying abbreviation definitions in biomedical text"", Proceedings of the Pacific Symposium on Biocomputing, vol. 8, pp. 451-462, 2003."
,2003,Corpus: Schwartz & Hearst,http://bioc.sourceforge.net/,,"A.S. Schwartz, M.A. Hearst, ""A simple algorithm for identifying abbreviation definitions in biomedical text"", Proceedings of the Pacific Symposium on Biocomputing, vol. 8, pp. 451-462, 2003."
,2002,Database:Stanford Biomedical Abbreviation Server,,,"J.T. Chang, H. Schütze, R.B. Altman, ""Creating an Online Dictionary of Abbreviations from MEDLINE"", The Journal of the American Medical Informatics Association, vol. 9, pp. 612-620, 2002."
,2002,Tool:AbbRE,,,"H. Yu, G. Hripcsak, C. Friedman, ""Mapping abbreviations to full forms in biomedical articles"", Journal of the American Medical Informatics Association, vol. 9, pp. 162-172, 2002."
,2002,Corpus:Medstract,,,"J. Pustejovsky, J. Castano, R. Sauri, A. Rumshinsky, J. Zhang, and W. Luo. 2002. Medstract: creating large-scale information servers for biomedical libraries. In Proceedings of the ACL-02 workshop on Natural language processing in the biomedical domain-Volume 3, pages 85–92. Association for Computational Linguistics."
,2002,Database:ARGH,,https://www.ncbi.nlm.nih.gov/pubmed/12501816,"Wren JD, Garner HR Heuristics for identification of acronym-definition patterns within text: towards an automated construction of comprehensive acronym-definition dictionaries. Methods Inf Med. 2002; 41(5):426-34."
,2001,Corpus:Medstract,http://bioc.sourceforge.net/,,"Pustejovsky J. Castano J. Cochran B. et al.  . ( 2001 ) Automatic extraction of acronym-meaning pairs from MEDLINE databases . Stud. Health Technol. Inform.  , 84 , 371 – 375 ."
,2001,Database:AcroMed,,,"Pustejovsky J, Castaño J, Cochran B, Kotecki M, Morrell M Automatic extraction of acronym-meaning pairs from MEDLINE databases. Stud Health Technol Inform. 2001; 84(Pt 1):371-5."
,2000,Tool:Acrophile,,,"L. Larkey, P. Ogilvie, A Price, B. Tamilio, ""Acrophile: An Automated Acronym Extractor and Server"", Proceedings of the ACM Digital Libraries Conference, pp. 205-214, 2000."
,2000,,,,"Yoshida M, Fukuda K, Takagi T: PNAD-CSS: a workbench for constructing a protein name abbreviation dictionary. Bioinformatics 2000, 16(2):169–175. 10.1093/bioinformatics/16.2.169"
Review of clinical acronyms,,,,https://dash.harvard.edu/bitstream/handle/1/27822158/4930590.pdf?sequence=1,
,2022,,,,"Veyseh, Amir Pouran Ben, et al. ""Acronym Extraction and Acronym Disambiguation Shared Tasks at the Scientific Document Understanding Workshop."" (2022)."
,2021,Tool: MadDog,,,"Amir Pouran Ben Veyseh, Franck Dernoncourt, Walter Chang, and Thien Huu Nguyen. 2021. MadDog: A Web-based System for Acronym Identification and Disambiguation. In Proceedings of the 16th Conference of the European Chapter of the Association for Computational Linguistics: System Demonstrations, pages 160–167, Online. Association for Computational Linguistics."
,2020,Corpus: Acronym Identification,,,"Amir Pouran Ben Veyseh, Franck Dernoncourt, Quan Hung Tran, and Thien Huu Nguyen. 2020. What Does This Acronym Mean? Introducing a New Dataset for Acronym Identification and Disambiguation. In Proceedings of the 28th International Conference on Computational Linguistics, pages 3285–3301, Barcelona, Spain (Online). International Committee on Computational Linguistics."
,2019,Tool: DECBAE,,,"Qiao Jin, Jinling Liu, and Xinghua Lu. 2019. Deep Contextualized Biomedical Abbreviation Expansion. In Proceedings of the 18th BioNLP Workshop and Shared Task, pages 88–96, Florence, Italy. Association for Computational Linguistics."
,,"Corpus, Clinical",,,"Zhi Wen, Xing Han Lu, and Siva Reddy. 2020. MeDAL: Medical Abbreviation Disambiguation Dataset for Natural Language Understanding Pretraining. In Proceedings of the 3rd Clinical Natural Language Processing Workshop, pages 130–135, Online. Association for Computational Linguistics."
,2021,Tool: BLAR,,,"William Hogan, Yoshiki Vazquez Baeza, Yannis Katsis, Tyler Baldwin, Ho-Cheol Kim, and Chun-Nan Hsu. 2021. BLAR: Biomedical Local Acronym Resolver. In Proceedings of the 20th Workshop on Biomedical Language Processing, pages 126–130, Online. Association for Computational Linguistics."
